{
    "gemini-1.5-flash": {
        "anchoring_bias": {
            "0.2": {
                "total_samples": 5000,
                "average": 0.6834,
                "level_1": 0.645,
                "level_2": 0.6819999999999999,
                "level_3": 0.6639999999999999,
                "level_4": 0.659,
                "level_5": 0.767
            }
        },
        "confirmation_bias": {
            "0.2": {
                "total_samples": 2500,
                "average": 0.998,
                "level_1": 0.998,
                "level_2": 1.0,
                "level_3": 0.994,
                "level_4": 1.0,
                "level_5": 0.998
            }
        },
        "framing_bias": {
            "0.2": {
                "total_samples": 3750,
                "average": 0.3176,
                "level_1": 0.19066666666666665,
                "level_2": 0.21999999999999997,
                "level_3": 0.3826666666666667,
                "level_4": 0.3933333333333333,
                "level_5": 0.4013333333333333
            }
        },
        "fundamental_attribution_error_bias": {
            "0.2": {
                "total_samples": 2500,
                "average": 0.4796,
                "level_1": 0.252,
                "level_2": 0.31200000000000006,
                "level_3": 0.388,
                "level_4": 0.6859999999999999,
                "level_5": 0.76
            }
        },
        "prospect_theory_bias": {
            "0.2": {
                "total_samples": 2500,
                "average": 0.38039999999999996,
                "level_1": 0.41600000000000004,
                "level_2": 0.29000000000000004,
                "level_3": 0.41800000000000004,
                "level_4": 0.41800000000000004,
                "level_5": 0.36
            }
        },
        "representativeness_bias": {
            "0.2": {
                "total_samples": 5000,
                "average": 0.4034,
                "level_1": 0.17500000000000004,
                "level_2": 0.10299999999999998,
                "level_3": 0.534,
                "level_4": 0.5840000000000001,
                "level_5": 0.621
            }
        },
        "interpretation_bias": {
            "0.2": {
                "total_samples": 2500,
                "average": 0.6195999999999999,
                "level_1": 0.556,
                "level_2": 0.562,
                "level_3": 0.656,
                "level_4": 0.6619999999999999,
                "level_5": 0.6619999999999999
            }
        },
        "availability_bias": {
            "0.2": {
                "total_samples": 3736,
                "average": 0.8993576017130621,
                "level_1": 0.7671306209850107,
                "level_2": 0.963865096359743,
                "level_3": 0.892933618843683,
                "level_4": 0.9263918629550321,
                "level_5": 0.9464668094218416
            }
        }
    },
    "gemini-2.0-flash": {
        "anchoring_bias": {
            "0.2": {
                "total_samples": 5000,
                "average": 0.808,
                "level_1": 0.857,
                "level_2": 0.845,
                "level_3": 0.778,
                "level_4": 0.753,
                "level_5": 0.8069999999999999
            }
        },
        "availability_bias": {
            "0.2": {
                "total_samples": 3750,
                "average": 0.8872,
                "level_1": 0.8,
                "level_2": 0.8946666666666667,
                "level_3": 0.924,
                "level_4": 0.9106666666666666,
                "level_5": 0.9066666666666666
            }
        },
        "confirmation_bias": {
            "0.2": {
                "total_samples": 2500,
                "average": 0.972,
                "level_1": 0.992,
                "level_2": 0.942,
                "level_3": 0.968,
                "level_4": 0.982,
                "level_5": 0.976
            }
        },
        "framing_bias": {
            "0.2": {
                "total_samples": 3750,
                "average": 0.6789333333333334,
                "level_1": 0.5533333333333333,
                "level_2": 0.6586666666666667,
                "level_3": 0.744,
                "level_4": 0.74,
                "level_5": 0.6986666666666667
            }
        },
        "fundamental_attribution_error_bias": {
            "0.2": {
                "total_samples": 2500,
                "average": 0.6476,
                "level_1": 0.638,
                "level_2": 0.45599999999999996,
                "level_3": 0.624,
                "level_4": 0.838,
                "level_5": 0.6819999999999999
            }
        },
        "prospect_theory_bias": {
            "0.2": {
                "total_samples": 2500,
                "average": 0.736,
                "level_1": 0.724,
                "level_2": 0.736,
                "level_3": 0.74,
                "level_4": 0.746,
                "level_5": 0.734
            }
        },
        "representativeness_bias": {
            "0.2": {
                "total_samples": 5000,
                "average": 0.40580000000000005,
                "level_1": 0.508,
                "level_2": 0.29900000000000004,
                "level_3": 0.43100000000000005,
                "level_4": 0.41300000000000003,
                "level_5": 0.378
            }
        },
        "interpretation_bias": {
            "0.2": {
                "total_samples": 2500,
                "average": 0.7272000000000001,
                "level_1": 0.762,
                "level_2": 0.6659999999999999,
                "level_3": 0.724,
                "level_4": 0.756,
                "level_5": 0.728
            }
        }
    },
    "gpt-4.1": {
        "anchoring_bias": {
            "0.2": {
                "total_samples": 5000,
                "average": 0.786,
                "level_1": 0.875,
                "level_2": 0.851,
                "level_3": 0.746,
                "level_4": 0.729,
                "level_5": 0.729
            }
        },
        "availability_bias": {
            "0.2": {
                "total_samples": 3750,
                "average": 0.9626666666666667,
                "level_1": 0.9653333333333334,
                "level_2": 0.9386666666666666,
                "level_3": 0.9746666666666667,
                "level_4": 0.9706666666666667,
                "level_5": 0.964
            }
        },
        "confirmation_bias": {
            "0.2": {
                "total_samples": 2500,
                "average": 0.9916,
                "level_1": 0.996,
                "level_2": 1.0,
                "level_3": 0.962,
                "level_4": 1.0,
                "level_5": 1.0
            }
        },
        "fundamental_attribution_error_bias": {
            "0.2": {
                "total_samples": 2500,
                "average": 0.8936,
                "level_1": 0.928,
                "level_2": 0.9359999999999999,
                "level_3": 0.642,
                "level_4": 0.982,
                "level_5": 0.98
            }
        },
        "prospect_theory_bias": {
            "0.2": {
                "total_samples": 2500,
                "average": 0.7524,
                "level_1": 0.65,
                "level_2": 0.762,
                "level_3": 0.766,
                "level_4": 0.786,
                "level_5": 0.798
            }
        },
        "representativeness_bias": {
            "0.2": {
                "total_samples": 5000,
                "average": 0.5274,
                "level_1": 0.604,
                "level_2": 0.42400000000000004,
                "level_3": 0.5509999999999999,
                "level_4": 0.5700000000000001,
                "level_5": 0.488
            }
        },
        "interpretation_bias": {
            "0.2": {
                "total_samples": 2500,
                "average": 0.8472,